Tage,1of,3,,,,,,,,,,,,,,,,,,,,,,,,,
\,|,‘,i,,,,,,,,,,,,,,,,,,,,,,,,
Fed.,petivery,ReceiPT,||ll|/liLiliMlh,iN,,,,,,,,,,,,,,,,,,,,,,,
Fre.ght,“,,,,,,,,,,,,,,,,,,,,,,,,,,
Freight,Bill,8772379232,RO,,,,,,,,,,,,,,,,,,,,,,,,
2200,FORWARD,DANE,Siup,Date,93/25/2024,bill,of,Lading,SRE,BELG},,,,,,,,,,,,,,,,,
"HARSISON,",53,72601,"P.O,",619Z300S9599,Shipper,Qoturence,,,,,,,,,,,,,,,,,,,,,
fodox.com,1.866.393.4585,|,Grigin,EFS,Doatnation,TAC,,,,,,,,,,,,,,,,,,,,,
Consignoe,‘Teallae,@,15525,Shinper,,,,,,,,,,,,,,,,,,,,,,,
Spry,"ALASHA,",SEERWIN,WILLIEMS,CONSUMER,GROUP,,,,,,,,,,,,,,,,,,,,,,
|,2915,WEST,VALLEY,HWY,NORTH,Pll,Wo,VABASH,AYE,Ca,COCK,D,,,,,,,,,,,,,,,
ALEURY,EFFING,,,,,,,,,,,,,,,,,,,,,,,,,,
WA,SddeL,us,EL,62do1-2608,us,,,,,,,,,,,,,,,,,,,,,,
FedEx,Freight,Priorit,,,,,,,,,,,,,,,,,,,,,,,,,
meets,GR,Tegan,phan,ATS,wae,PCL],RATE,TOTAL,"CUARSED,",,,,,,,,,,,,,,,,,,
|,POR,620230099595,,,,,,,,,,,,,,,,,,,,,,,,,
Sto-033euT,su,,,,,,,,,,,,,,,,,,,,,,,,,,
IN,GAGE,CF,EMERGENCY,hUL,CitEH,,,,,,,,,,,,,,,,,,,,,,
PRE,NAR,Sed),434-5405,-,OUTS:,,,,,,,,,,,,,,,,,,,,,,
Q,iQ,OF,SHE,US,(793),527-3aR7,,,,,,,,,,,,,,,,,,,,,
F,«|,om,be,Jtun262,"carte,",3,BOTT,LTS,GT,93,|rageao-o2],|,ass,,,,,,,,,,,,,,
EMRE,icy,COMPACT,1E00a245,3,99,,,,,,,,,,,,,,,,,,,,,,
ERI,PROVIDER:,SHZASIN,WILLIAMS,,,,,,,,,,,,,,,,,,,,,,,,
cy,CONSTMER,GROUP,,,,,,,,,,,,,,,,,,,,,,,,,
TERG#,"128),",,,,,,,,,,,,,,,,,,,,,,,,,,
real,2,CTS,fx,"JUNTS59,","AEROSOLS,",2.1,LTO,_OTY,at,|,149930-02,"055,",,,,,,,,,,,,,,,
2,Bamenicy,GostPRes’,16004845396,,,,,,,,,,,,,,,,,,,,,,,,
ERT,PAOVIDEA:,BHANWLY,"HILL""",AMS,,,,,,,,,,,,,,,,,,,,,,,
se,pe,Accursing,Jute,"tnnn,",soy,ASALL,OCT,FULL?,BOSPCWSIUE,FO,Sve,AZOMROMAL,Atta,FatLE,Quatces,19],BLLRTSE,SEICEG,acre,tfuO,4,DET,NE,Yom,ICD,TD,EFT
L,PREPAID,-,WILL,INVOICE,THIRD,PARTY,1,,,,,,,,,,,,,,,,,,,,
ACCLESONIAL,SEAVICES,FORFCRMED:,PRZBAID,-,WILL,INVOICE,,,,,,,,,,,,,,,,,,,,,
=,onsioe,vetwenv,seer,sseonzsare,—.,O,cere,RESPONSIBLE,PARTY,,,,,,,,,,,,,,,,,,
Oeescentistisareo,access,|,——,Qurt,cars,domes,,,,,,,,,,,,,,,,,,,,,
[Danw.,Driver,&,3:,,,,,,,,,,,,,,,,,,,,,,,,
{$$$,|,ustomer,Bequremonts/Appointment,Instruster:,,,,,,,,,,,,,,,,,,,,,,,
Bat,Skids:,¥,ot,Pow,OSk0,7,,,,,,,,,,,,,,,,,,,,,
Received,by:,,,,,,,,,,,,,,,,,,,,,,,,,,
Dove,Goseiage,Esceptionst,,,,,,,,,,,,,,,,,,,,,,,,,
Osrot,Owrep,broken,,,,,,,,,,,,,,,,,,,,,,,,,
Freight,BU,Number,6772379232,RCGTNBR,Number,DATE:,03/26/2024,,,,,,,,,,,,,,,,,,,,
onsineo,.,Trazler,#,¥8525,Styppar,,,,,,,,,,,,,,,,,,,,,,
SPRH,ALASKA,eee,one,SHERUIN,WILLIAMS,CONSUVER,GROUP,,,,,,,,,,,,,,,,,,,,
3B18,WEST,VeLLRY,HAY,NORTH,|,S1l,Ww,MaBASH,AYE,€O,DOCKED,,,,,,,,,,,,,,,,
AVECER,vee,|,SFPINGHAN,_,,,,,,,,,,,,,,,,,,,,,,,
Ga,Sese1,ag,IL,62401-2605,us,,,,,,,,,,,,,,,,,,,,,,
FedEx,Freight,Priority,,,,,,,,,,,,,,,,,,,,,,,,,
accre,fae,CC,Gael,waar,thie,__fcr,Case,_~RATEWeTEL,CHNACIS,,,,,,,,,,,,,,,,,,
Fad,E20Es00,98552,~,,,,,,,,,,,,,,,,,,,,,,,,
gras,o35cl>,,,,,,,,,,,,,,,,,,,,,,,,,,
iN,CASS,OF,Riengancy,CALL,cart,,,,,,,,,,,,,,,,,,,,,,
eee,eee,aa,cane,,,,,,,,,,,,,,,,,,,,,,,,
